avg_rewards,std_rewards,avg_steps,std_steps
[7.866492074116195],[0.3976827348990047],[100.0],[0.0]
[8.015233016687464],[0.2962212655904546],[100.0],[0.0]
