avg_rewards,std_rewards,avg_steps,std_steps
[8.110221831807888],[0.4451417364650219],[100.0],[0.0]
